{"cameraMode":{"drawMode":0,"name":"Shaded","section":"Shading Mode"},"sceneLighting":true,"audioPlay":false,"sceneViewState":{"m_AlwaysRefresh":false,"showFog":true,"showSkybox":true,"showFlares":true,"showImageEffects":false,"showParticleSystems":true,"showVisualEffectGraphs":true,"m_FxEnabled":true},"in2DMode":false,"pivot":{"x":-1.8429903984069825,"y":-4.567696571350098,"z":7.847557067871094},"rotation":{"x":-0.4336165487766266,"y":0.0035195942036807539,"z":-0.001699224696494639,"w":-0.9011008739471436},"size":12.12435531616211,"orthographic":false}